寻秘不老泉,Fountain of Youth,https://dygod.org/js/bt.htm
出狱女子的故事,向阳&middot;花,https://dygod.org/js/bt.htm
最后的里程,ラストマイル,https://dygod.org/js/bt.htm
在西伯利亚森林中,Dans les for&ecirc;ts de Sib&eacute;rie,https://dygod.org/js/bt.htm
Mumu,不说话的爱,https://dygod.org/js/bt.htm
编号17,Mickey 17,https://dygod.org/js/bt.htm
我的世界大电影,A Minecraft Movie,https://dygod.org/js/bt.htm
白雪公主,Snow White,https://dygod.org/js/bt.htm
爱情神话&middot;平行篇,好东西,https://dygod.org/js/bt.htm
816,BIG,https://dygod.org/js/bt.htm
评估,The Assessment,https://dygod.org/js/bt.htm
失控家族,根本停不下来,https://dygod.org/js/bt.htm
终极对弈,&#49849;&#48512;,https://dygod.org/js/bt.htm
The River of Fury,怒水西流,https://dygod.org/js/bt.htm
New Life,我会好好的,https://dygod.org/js/bt.htm
罪证子弹3,Balle perdue 3,https://dygod.org/js/bt.htm
战&middot;争,Warfare,https://dygod.org/js/bt.htm
逃脱,The Outrun,https://dygod.org/js/bt.htm
